{
    "CalibrationInformation": {
        "Cameras": [
            {
                "Intrinsics": {
                    "ModelParameterCount": 14,
                    "ModelParameters": [
                        0.501231849193573,
                        0.5054722428321838,
                        0.4924287497997284,
                        0.49260950088500977,
                        2.1515676975250244,
                        1.3570739030838013,
                        0.06878979504108429,
                        2.4843714237213135,
                        2.0391712188720703,
                        0.36967116594314575,
                        0,
                        0,
                        -0.0000727749356883578,
                        0.00005552775473915972
                    ],
                    "ModelType": "CALIBRATION_LensDistortionModelBrownConrady"
                },
                "Location": "CALIBRATION_CameraLocationD0",
                "Purpose": "CALIBRATION_CameraPurposeDepth",
                "MetricRadius": 1.739999771118164,
                "Rt": {
                    "Rotation": [
                        1,
                        0,
                        0,
                        0,
                        1,
                        0,
                        0,
                        0,
                        1
                    ],
                    "Translation": [
                        0,
                        0,
                        0
                    ]
                },
                "SensorHeight": 1024,
                "SensorWidth": 1024,
                "Shutter": "CALIBRATION_ShutterTypeUndefined",
                "ThermalAdjustmentParams": {
                    "Params": [
                        0,
                        0,
                        0,
                        0,
                        0,
                        0,
                        0,
                        0,
                        0,
                        0,
                        0,
                        0
                    ]
                }
            },
            {
                "Intrinsics": {
                    "ModelParameterCount": 14,
                    "ModelParameters": [
                        0.5008993148803711,
                        0.502750813961029,
                        0.47631075978279114,
                        0.6347343325614929,
                        0.7393044233322144,
                        -3.0807912349700928,
                        1.6856153011322021,
                        0.6026979088783264,
                        -2.875948190689087,
                        1.6014199256896973,
                        0,
                        0,
                        -0.0001866860839072615,
                        0.000816894113086164
                    ],
                    "ModelType": "CALIBRATION_LensDistortionModelBrownConrady"
                },
                "Location": "CALIBRATION_CameraLocationPV0",
                "Purpose": "CALIBRATION_CameraPurposePhotoVideo",
                "MetricRadius": 0,
                "Rt": {
                    "Rotation": [
                        0.9999990463256836,
                        0.0012868758058175445,
                        0.0005411364836618304,
                        -0.0013336093397811055,
                        0.9952101111412048,
                        0.09775020182132721,
                        -0.0004127521242480725,
                        -0.09775082767009735,
                        0.9952108263969421
                    ],
                    "Translation": [
                        -0.03205272927880287,
                        -0.0020593665540218353,
                        0.003980492707341909
                    ]
                },
                "SensorHeight": 3072,
                "SensorWidth": 4096,
                "Shutter": "CALIBRATION_ShutterTypeUndefined",
                "ThermalAdjustmentParams": {
                    "Params": [
                        0,
                        0,
                        0,
                        0,
                        0,
                        0,
                        0,
                        0,
                        0,
                        0,
                        0,
                        0
                    ]
                }
            }
        ],
        "InertialSensors": [
            {
                "BiasTemperatureModel": [
                    -0.023427482694387436,
                    0,
                    0,
                    0,
                    0.03654153645038605,
                    0,
                    0,
                    0,
                    -0.020033128559589386,
                    0,
                    0,
                    0
                ],
                "BiasUncertainty": [
                    0.00009999999747378752,
                    0.00009999999747378752,
                    0.00009999999747378752
                ],
                "Id": "CALIBRATION_InertialSensorId_LSM6DSM",
                "MixingMatrixTemperatureModel": [
                    1.0017478466033936,
                    0,
                    0,
                    0,
                    -0.00042666558874771,
                    0,
                    0,
                    0,
                    -0.0011972872307524085,
                    0,
                    0,
                    0,
                    -0.0004274010134395212,
                    0,
                    0,
                    0,
                    1.0000237226486206,
                    0,
                    0,
                    0,
                    -0.0010402511106804013,
                    0,
                    0,
                    0,
                    -0.0012011824874207377,
                    0,
                    0,
                    0,
                    -0.0010418395977467299,
                    0,
                    0,
                    0,
                    0.9985002875328064,
                    0,
                    0,
                    0
                ],
                "ModelTypeMask": 16,
                "Noise": [
                    0.0009500000160187483,
                    0.0009500000160187483,
                    0.0009500000160187483,
                    0,
                    0,
                    0
                ],
                "Rt": {
                    "Rotation": [
                        0.007195977959781885,
                        0.1152423769235611,
                        -0.99331134557724,
                        -0.9999728202819824,
                        -0.0007603629492223263,
                        -0.0073324525728821754,
                        -0.0016002864576876163,
                        0.993337094783783,
                        0.11523377895355225
                    ],
                    "Translation": [
                        0,
                        0,
                        0
                    ]
                },
                "SecondOrderScaling": [
                    0,
                    0,
                    0,
                    0,
                    0,
                    0,
                    0,
                    0,
                    0
                ],
                "SensorType": "CALIBRATION_InertialSensorType_Gyro",
                "TemperatureBounds": [
                    5,
                    60
                ],