{
    "depth_camera": {
        "intrinsics": {
            "type": 4,
            "parameter_count": 14,
            "parameters": {
                "parameters_as_dict": {
                    "cx": 325.4591064453125,
                    "cy": 340.33404541015625,
                    "fx": 503.9581604003906,
                    "fy": 504.0079345703125,
                    "k1": 5.268435478210449,
                    "k2": 3.5621509552001953,
                    "k3": 0.1832902431488037,
                    "k4": 5.597447872161865,
                    "k5": 5.32110071182251,
                    "k6": 0.9697896838188172,
                    "codx": 0.0,
                    "cody": 0.0,
                    "p2": -0.00004438921678229235,
                    "p1": -6.14773682627856e-7
                },
                "parameters_as_list": [
                    325.4591064453125,
                    340.33404541015625,
                    503.9581604003906,
                    504.0079345703125,
                    5.268435478210449,
                    3.5621509552001953,
                    0.1832902431488037,
                    5.597447872161865,
                    5.32110071182251,
                    0.9697896838188172,
                    0.0,
                    0.0,
                    -0.00004438921678229235,
                    -6.14773682627856e-7
                ]
            }
        },
        "extrinsics": {
            "rotation": [
                1.0,
                0.0,
                0.0,
                0.0,
                1.0,
                0.0,
                0.0,
                0.0,
                1.0
            ],
            "translation_in_meters": [
                0.0,
                0.0,
                0.0
            ]
        },
        "resolution_width": 640,
        "resolution_height": 576,
        "metric_radius": 1.739999771118164
    },
    "color_camera": {
        "intrinsics": {
            "type": 4,
            "parameter_count": 14,
            "parameters": {
                "parameters_as_dict": {
                    "cx": 638.4144897460938,
                    "cy": 367.95513916015625,
                    "fx": 611.0506591796875,
                    "fy": 610.7638549804688,
                    "k1": 0.6944806575775146,
                    "k2": -2.7082302570343018,
                    "k3": 1.4279989004135132,
                    "k4": 0.5692160725593567,
                    "k5": -2.537520408630371,
                    "k6": 1.3635576963424685,
                    "codx": 0.0,
                    "cody": 0.0,
                    "p2": -0.00009335744834970684,
                    "p1": 0.0011957712704315782
                },
                "parameters_as_list": [
                    638.4144897460938,
                    367.95513916015625,
                    611.0506591796875,
                    610.7638549804688,
                    0.6944806575775146,
                    -2.7082302570343018,
                    1.4279989004135132,
                    0.5692160725593567,
                    -2.537520408630371,
                    1.3635576963424685,
                    0.0,
                    0.0,
                    -0.00009335744834970684,
                    0.0011957712704315782
                ]
            }
        },
        "extrinsics": {
            "rotation": [
                0.9999995231628418,
                -0.0007815574062988162,
                0.0005391848389990628,
                0.0007274720119312406,
                0.9955809116363524,
                0.09390466660261154,
                -0.0006101940525695682,
                -0.09390423446893692,
                0.995581030845642
            ],
            "translation_in_meters": [
                -0.032012828826904295,
                -0.0021236026287078857,
                0.003942594051361084
            ]
        },
        "resolution_width": 1280,
        "resolution_height": 720,
        "metric_radius": 1.7000000476837158
    },
    "CalibrationInformation": {
        "Intrinsics": {
            "ModelParameterCount": 14,
            "ModelParameters": [
                0.4987613203125,
                0.5110488041666666,
                0.47738332734375,
                0.8482831319444445,
                0.694481,
                -2.70823,
                1.427999,
                0.569216,
                -2.53752,
                1.363558,
                0,
                0,
                -9.3e-05,
                0.001196
            ],
            "ModelType": "CALIBRATION_LensDistortionModelBrownConrady"
        },
        "Rt": {
            "Rotation": [
                0.925660047220247,
                0.005170173632487202,
                -0.37832095670848115,
                0.0023568385029789176,
                0.9998084398922539,
                0.0194301011960363,
                0.37834894250213175,
                -0.0188773097878715,
                0.9254705424175809
            ],
            "Translation": [
                0.8796903623892592,
                -0.00044599459691263554,
                -0.008887950283573587
            ]
        },
        "SensorHeight": [
            720
        ],
        "SensorWidth": [
            1280
        ]
    }
}